id;job_title;position;company_name;city;state;start_date;end_date;work_summary
1;Dynamic Metrics Specialist;Mauritius Granite;interface;Icieland;Cotton synthesize brand;2024-03-07;2024-03-08;../fake-data/blob/hipster.txt
2;Future Markets Liaison;Coordinator;iterate;Selmerville;evolve empower;2024-03-08;2024-03-08;../fake-data/blob/hipster.txt
3;International Web Strategist;Cross-platform;Walk;New Ray;Monitored compress;2024-03-07;2024-03-07;../fake-data/blob/hipster.txt
4;Customer Identity Planner;Omani visionary;Gloves Buckinghamshire;Dickistad;Future COM;2024-03-08;2024-03-08;../fake-data/blob/hipster.txt
5;District Quality Administrator;Car Pines foreground;generating;Port Samanta;Sports Concrete;2024-03-07;2024-03-08;../fake-data/blob/hipster.txt
6;Human Directives Officer;reciprocal Central;Forint;Lake Shanonville;RAM European reboot;2024-03-07;2024-03-07;../fake-data/blob/hipster.txt
7;Global Optimization Associate;Delaware Hawaii;Frozen Future Sports;Johnathanfurt;back Corporate Licensed;2024-03-07;2024-03-07;../fake-data/blob/hipster.txt
8;Global Data Associate;workforce Home input;Dynamic;Leannport;Outdoors Grocery local;2024-03-07;2024-03-07;../fake-data/blob/hipster.txt
9;Global Integration Orchestrator;installation Crossing;National payment;East Isaiasfort;Ouguiya cross-platform;2024-03-07;2024-03-08;../fake-data/blob/hipster.txt
10;Human Paradigm Associate;Berkshire;Plains;South Irvingfort;Universal overriding Health;2024-03-07;2024-03-07;../fake-data/blob/hipster.txt
